Question,Answer
"What is the species of the frog found with a mushroom growing on its flank, and what type of fungus was identified on the frog?","The frog found with a mushroom growing on its flank is identified as RaoÃÂ¢ÃÂÃÂs intermediate golden-backed frog, or scientifically known as Hylarana intermedia. The fungus identified on the frog is a common bonnet, part of the Mycena genus, which typically grows on rotting wood from dead trees but has been found to evolve to thrive on living plants as well."
"What potential impacts could the presence of the mushroom on the frog have on the frog's health, and why is it important to monitor such occurrences in frog populations?","The presence of the mushroom on the frog could potentially lead to fungal disease if the mushroom were to grow extensively on the frog's skin or burrow within its body. Such infections are common in frogs and can result in death for some of the infected animals. Monitoring occurrences like this is important for frog populations because sick animals in the wild have little chance of survival, and unusual phenomena like this could indicate underlying health issues or environmental stressors affecting the frog population."
What charges does the teenage boy face following the stabbing incident at Brookwood High School?,"The teenage boy faces charges of disruption of school, aggravated assault, and weapons on school property. According to the article, the police mentioned these charges in connection to the stabbing incident: ""Police say he is charged with disruption of school, aggravated assault, and weapons on school property."""
How quickly did the authorities apprehend the suspect following the stabbing incident?,"The authorities arrested the suspect within 30-35 minutes after the stabbing incident occurred. Bernard Watson from Gwinnett County Public Schools mentioned, ""Within 30-35 minutes of this happening, Gwinnett County Police arrested the suspect who is again a student at the school."""
"How much funding would California's Proposition 1 raise over 20 years, and how does it propose to allocate these funds?","California's Proposition 1 aims to raise $6.4 billion over 20 years. The proposition proposes to allocate a portion of these funds towards building more housing and treatment facilities for people with mental health and substance use disorders. Specifically, about a third of the funding would be redirected towards housing and rental assistance for unhoused individuals with severe mental illness or addiction, while another 35% would go towards treatments for this population."
"How do opponents of California's Proposition 1 argue it could negatively impact mental health programs, and what specific concerns do they raise?","Opponents of California's Proposition 1 argue that it could divert funds away from community-based preventative mental health programs towards locked-door psychiatric institutions and involuntary treatment, potentially exacerbating the problem. They express concerns that the measure, if passed, could lead to the defunding of cost-effective mental health services in the community and may prioritize coercive institutionalization over voluntary, preventive programs."
"What is the objective of the proposed triangular cooperation between the Philippines, Japan, and India, as discussed in the news articles?","The objective of the proposed triangular cooperation between the Philippines, Japan, and India is to strengthen both security and economic sectors for peace and stability in the Indo-Pacific region. Foreign Undersecretary Theresa Lazaro mentioned that this partnership would provide collaboration in security while also boosting economic and development opportunities directly affecting the people. Additionally, geopolitical expert Dr. Jagannath Panda highlighted the importance of cooperation among these countries to resist China's ""revisionist"" agenda, emphasizing the need to maintain freedom of navigation and protect commercial interests in the South China Sea."
"What significant military acquisition has the Philippines made from India, as discussed in the news articles?","The Philippines has purchased an P18.9-billion Indian missile defense system, specifically the BrahMos supersonic cruise missiles. These missiles are expected to arrive within the first quarter of 2024, as part of the Philippine NavyÃÂ¢ÃÂÃÂs shore-based antiship missile system project. The deal was signed between the Philippines and BrahMos Aerospace Private Ltd., an Indian-Russian joint venture, in January 2022."
"What potential threat did the near collision between the NASA TIMED satellite and the Russian spacecraft pose, and how many fragments of space debris could have been generated in the worst-case scenario?","The near collision between NASA's TIMED satellite and the Russian spacecraft posed a threat of generating space debris. In the worst-case scenario, the collision could have ejected up to 7,500 fragments of debris into orbit. According to the article, ""In the worst-case scenario, the collision could have ejected up to 7,500 bits of debris into orbit."""
"What action has the European Space Agency (ESA) planned to address the issue of space debris, and when is this mission scheduled to launch?","The European Space Agency (ESA) plans to launch the ClearSpace-1 mission in 2026 to remove a piece of debris from Earth's orbit. This mission aims to address the issue of space debris. As stated in the article, ""The European Space Agency plans to be the first to remove a piece of debris from Earth's orbit with its ClearSpace-1 mission, scheduled to launch in 2026."""
"What led to the shooting incident near the Indo-Bangladesh border in Meghalaya, as reported in the news articles?","The shooting incident near the Indo-Bangladesh border in Meghalaya occurred when a group of people was allegedly attempting to smuggle sugar, onion, and other materials. The incident took place at Dalia village near Shella in MeghalayaÃÂ¢ÃÂÃÂs East Khasi Hills district at around 8 pm. According to a senior BSF officer, about 300 people from both sides of the international border confronted the BSF personnel. Despite the BSF's initial use of non-lethal measures such as chilli grenade, stun grenade, and PAG (pump action gun), the crowd attacked the team with machetes, knives, and other weapons, leading to the firing."
What measures did the BSF initially employ to contain the crowd during the confrontation near the Indo-Bangladesh border in Meghalaya?,"During the confrontation near the Indo-Bangladesh border in Meghalaya, the BSF initially used non-lethal measures to contain the crowd. These measures included chilli grenade, stun grenade, and even a pump action gun (PAG). However, despite these efforts, the crowd became increasingly aggressive and attacked the BSF team with machetes, knives, and other weapons, leading to the escalation of the situation and ultimately resulting in firing."
What was the resolution passed by the Nagaland Assembly regarding the decision of the Indian government concerning the Indo-Myanmar border and the Free Movement Regime (FMR)?,"The Nagaland Assembly passed a resolution urging the Centre to reconsider its decision to fence the Indo-Myanmar border and scrap the Free Movement Regime (FMR) with Myanmar. Additionally, they appealed to the central government to work out regulations for movement of people across the boundary in consultation with the people inhabiting the border areas."
What are some of the concerns raised by the Nagaland Assembly regarding the decision to suspend the Free Movement Regime (FMR) and fence the Indo-Myanmar boundary?,"The Nagaland Assembly expressed concerns that the decision to suspend the FMR and fence the Indo-Myanmar boundary would disrupt historical, social, tribal, and economic ties of the Naga people living on both sides of the international border. Additionally, they mentioned that these measures would cause immense inconvenience to the Naga people living in border areas, as many of them have agricultural land across the border."
What prompted the CDC's decision to shorten the isolation period for individuals testing positive for COVID-19?,"The CDC's decision to shorten the isolation period for individuals testing positive for COVID-19 was driven by the significant reduction in hospital admissions and deaths, reflecting decreasing severe outcomes of COVID-19. This change aims to simplify guidance and align with measures for flu and other respiratory illnesses."
How does the CDC recommend individuals with COVID-19 symptoms to manage their isolation after the initial five days?,"The CDC recommends that individuals with COVID-19 symptoms should remain at home and avoid contact with others until at least 24 hours after their symptoms improve, and they no longer have a fever without the use of medication."
How much is the Liberal Party's agriculture policy worth? Answer in one line.,The Liberal Party's agriculture policy is valued at $27.7 million.
What is the purpose of the $1.5 million wool school at the Campbell Town Showgrounds? Answer in two lines.,"The $1.5 million wool school at the Campbell Town Showgrounds aims to support shearers, wool handlers, and classers, addressing skill shortages in the industry."
"What venue will benefit from a $350,000 contribution for a new structure? Answer in one word.",Quercus Park.
True or False: The government's agriculture policy includes financial support specifically for cat management.,True.
How old did Frank Brandon turn on March 5? Answer in one line.,Frank Brandon turned 104 on March 5.
"What does Frank Brandon attribute his longevity to, according to his statement? Answer in two lines.","Frank Brandon attributes his longevity to the good Lord, crediting his faith as the reason for his long life."
Occupation? Answer in one word.,Combat glider pilot.
True or False: Frank Brandon believes that worrying about small issues is important.,False.
What happened to a pedestrian on Westgate Road in Newcastle? Answer in one line.,A pedestrian was hit by a people carrier and died.
"What actions are Northumbria Police taking regarding the incident on Westgate Road, Newcastle? Answer in two lines.",Northumbria Police stated they are conducting an investigation and are appealing for witnesses or dashcam footage.
How old was the pedestrian who died? Answer in one word.,77
True or False: The pedestrian survived the collision.,False.
What criticism has Alhassan Suhuyini leveled against President Nana Addo Dankwa Akufo-Addo? Answer in one line.,"Alhassan Suhuyini criticized President Nana Addo Dankwa Akufo-Addo for attempting to dissociate his Vice, Dr Mahamudu Bawumia, from the current economic crisis."
"What role does Dr Mahamudu Bawumia play in the Economic Management Team (EMT) according to Alhassan Suhuyini, and why does he believe Bawumia should take responsibility for the economic crisis?","Alhassan Suhuyini believes Dr Mahamudu Bawumia plays a significant role in the EMT. and should take responsibility for the economic crisis because despite Bawumia's leadership in the EMT, the country is facing hardships."
Who is responsible for the economic crisis according to Alhassan Suhuyini? Answer in one word.,Bawumia.
True or False: Alhassan Suhuyini believes President Nana Addo Dankwa Akufo-Addo should not be held accountable for the economic crisis.,False.
What did Minister Stuart Young advocate for at the GECF Summit? Answer in one line.,Minister Stuart Young advocated for the use of natural gas as a transition fuel and emphasized the importance of using sovereign resources for energy security.
"What example did Stuart Young provide to support his call for support for Africa's energy security, and what was his concluding statement about collaboration? Answer in two lines.",Stuart Young cited the TT Dragon gas deal as an example of a project facilitating resource development for Africa's energy security. He concluded by anticipating closer collaboration among GECF member countries as a united voice in global energy discussions.
What energy source did Stuart Young advocate for? Answer in one word.,Natural gas.
True or False: Stuart Young believes that natural gas will diminish in importance in the coming decades.,False.
What is the purpose of Senate Bill 215 according to Senator Rob McColley? Answer in one line.,Senate Bill 215 aims to address concerns about foreign influence on elections.
What example do Republicans use to illustrate the need for Senate Bill 215?,"Republicans cite the millions of dollars poured into issue campaigns like reproductive rights, including contributions from the Sixteen Thirty Fund supported by a Swiss billionaire."
What does Senator Bill DeMora believe about foreign influence in Ohio elections? Answer in one word.,Ambivalent.
True or False: The bill proposed by Senators Gavarone and McColley prohibits foreign contributions to candidates.,True.
What was the victim planning to buy when he was caught in the crossfire? Answer in one line.,He was going to purchase a lottery ticket for his wife.
What started the shooting incident that resulted in the victim's death? Answer in two lines.,A verbal argument initiated the incident that ended with shots being fired.
Who was Simon Brown? Answer in one word.,Victim.
True or False: The victim was targeted in the shooting incident.,False.
What is the CDC's recommendation for older adults regarding COVID-19 booster shots? Answer in one line.,Older adults should get another dose of the updated vaccine if at least four months have passed since their last shot.
"Why did the CDC recommend another COVID-19 vaccine dose for older adults, according to Dr. Mandy Cohen? Answer in two lines.","Dr. Mandy Cohen stated that the additional vaccine dose can provide added protection for those at highest risk, as most COVID-19 deaths and hospitalizations last year were among people 65 years and older."
Who should get another COVID-19 vaccine dose according to the CDC? Answer in one word.,Older adults.
True or False: The CDC's recommendation for another COVID-19 vaccine dose for older adults is primarily based on vaccine fatigue concerns.,False.
What was the purpose of Jill Biden's visit to the Waukesha County Expo Center? Answer in one line.,The purpose of Jill Biden's visit was to put women and Wisconsin center stage.
"Who spoke at the ""Women for Biden"" campaign tour event in Waukesha County? Answer in two lines.","Milwaukee County Board Chair Marcelia Nicholson, Sen. Tammy Baldwin, and Krystal Judah spoke at the event."
What was Paul Farrow's main concern regarding the campaign tour? Answer in one word.,Fear.
True or False: Paul Farrow believes that the focus should be on reproductive rights.,False.
When did the man break into West Middle School? Answer in one line.,"The man broke into West Middle School at around 4 a.m. on Saturday, Feb. 24."
"How was the suspect identified despite attempts to conceal his face, and what did he take from the school? Answer in two lines.","The suspect was identified by the School Resource Officer, and he stole smaller items, including a laptop, from West Middle School."
When was the suspect arrested? Answer in one word.,Saturday.
True or False: The suspect remains publicly unidentified.,True.
What was Cody Mosher sentenced to prison for? Answer in one line.,Cody Mosher was sentenced to 57 months in prison for drug trafficking and possession.
What led to Cody Mosher fleeing deputies in a high-speed chase? Answer in two lines.,Cody Mosher led police on a high-speed chase after deputies approached his vehicle to execute a search warrant and arrest warrant.
What did police seize from Cody Mosher's vehicle? Answer in one word.,"Drugs, a scale, and cash."
True or False: Cody Mosher pleaded not guilty.,False.
What is Dr Aiman al Salmi currently doing in Gaza? Answer in one line.,Dr Aiman al Salmi is currently providing much-needed medical assistance to the wounded in Gaza amidst the ongoing conflict.
What challenges did Dr Salmi face on his journey to Gaza and what was his objective upon arrival? Answer in two lines.,"Dr Salmi's journey to Gaza was fraught with danger, but he was determined to help injured Palestinians with healthcare facilities on the brink of collapse. Upon arrival, his objective was to begin humanitarian work by delivering critical medical care, especially to the children affected by the violence."
Who praised Dr Salmi's bravery? Answer in one word.,Grand Mufti
True or False: Dr Salmi expressed only joy about his mission in Gaza.,False.
What do US lawmakers urge President Biden to do regarding Pakistan's new government? Answer in one line.,"US lawmakers urge President Biden to withhold ""recognition"" of Pakistan's new government until a credible poll rigging probe is conducted."
What are the concerns expressed by US lawmakers regarding the recent parliamentary elections in Pakistan? Answer in two lines.,US lawmakers expressed concerns about pre- and post-poll rigging in Pakistan's recent parliamentary elections and urged for a transparent and credible investigation before recognizing a new government.
"Who endorsed the ""pro-PTI letter"" according to Pakistan's Dawn newspaper? Answer in one word.","Muslim lawmakers, including Rashida Tlaib, Ilhan Omar, and Andre Carson, endorsed the ""pro-PTI letter""."
True or False: The US lawmakers urge Pakistani authorities to release detainees engaged in political activities.,True.
How many bodies have emergency workers retrieved from the rubble of the apartment building in Odesa? Answer in one line.,Emergency workers retrieved the fifth body from the rubble of an apartment building.
"What caused the collapse of part of a multi-storey building in Odesa on March 1-2, resulting in casualties? Answer in two lines.","Part of a multi-storey building in Odesa collapsed due to a Russian Shahed UAV attack, resulting in the death of a three-year-old child and potential civilians still under the rubble."
What caused the destruction of 18 flats and damage to 7 more in Odesa? Answer in one word.,Attack.
True or False: There were no casualties reported from the Russian Shahed UAV attack in Odesa.,False.
How many people were injured in the car crash at Wytheville Dollar Tree? Answer in one line.,Two people were hurt.
"What caused the car crash at Wytheville Dollar Tree, and who was involved? Answer in two lines.",The crash occurred because a woman confused the accelerator pedal for the brake pedal. A customer and a clerk were injured.
Who caused the crash at Wytheville Dollar Tree? Answer in one word.,Ward.
True or False: Charges were filed against the driver involved in the car crash at Wytheville Dollar Tree.,False.
What caused Avraham Gil to be beaten in jail? Answer in one line.,Avraham Gil was beaten in jail during a row over sausages.
"Why was Avraham Gil beaten in jail, and who was involved? Answer in two lines.",Avraham Gil was beaten in jail during a heated debate about sausages with another inmate named Blake Elvis Ermus.
What sparked the altercation leading to Avraham Gil's beating in jail? Answer in one words.,Sausages.
True or False: Avraham Gil's attempt to claim diplomatic immunity was successful.,False.
Who won the special election in Rochdale and what did he attribute his victory to? Answer in one line.,"George Galloway won the special election in Rochdale, attributing his victory to Gaza."
What did George Galloway declare in his victory speech and how did Labour respond to his win? Answer in two lines.,"George Galloway declared his victory was ""for Gaza"" in his speech, and Labour attributed his win to withdrawing support for their candidate."
Who did George Galloway blame for the situation in Gaza? Answer in one word.,Keir Starmer.
True or False: Labour accused George Galloway of winning the election through their withdrawal of support for their candidate.,True.
What inspired Georgia Freyne to participate in the Walk the Flames fundraiser? Answer in one line.,Georgia Freyne was inspired to participate in the fundraiser to keep the memory of her late auntie Claire alive.
Why did Georgia Freyne and her colleague decide to fundraise for Chest Heart and Stroke Scotland?,"They decided to fundraise for the organization because Georgia lost her auntie Claire to one of their conditions, and they wanted to keep her memory alive."
Who was Georgia Freyne's inspiration for participating in the fundraiser? Answer in one word.,Auntie Claire.
True or False: Georgia and Alexia surpassed their fundraising target.,True.
Why could exploring ghost towns in Texas lead to trespassing charges? Answer in one line.,Because some of those places could have been bought and become private property.
"What was the significance of the mill run by Simpson Cash and James Harrison Dyer in Towash, Texas? Answer in two lines.",The mill brought in settlers to work and served as a place for social gatherings due to the long wait times for its use. It was also utilized during the Civil War for wool carding.
"Where is Towash, Texas located now? Answer in one word.",Lake.
"True or False: Towash, Texas ceased to exist due to natural disasters.",False.
What punishment did News 18 India receive for linking Shraddha Walkar's murder to 'love jihad'? Answer in one line.,"News 18 India has been fined Rs 50,000 and directed to remove the offensive videos."
What was the reason for the NBDSA's criticism of Times Now Navbharat's Himanshu Dixit? Answer in two lines.,The NBDSA criticized Himanshu Dixit for concluding that violence against women from a certain community was related to 'love jihad'. Also for stifling dissenting views during broadcasts.
What is the term used to describe the false claim made by the Hindu right wing regarding Muslim men and Hindu women? Answer in one word.,'Love jihad'.
True or False: Aaj Tak has been fined for its reports on the Ram Navami violence in 2022.,False.
What percentage decrease in firearm-related violent offenses has the department witnessed from 2022 to 2023? Answer in one line.,The department has seen firearm-related violent offenses decrease by 34% from 2022 to 2023.
"How does the Lynchburg Police Department address crime, according to Lt. Sexton, and what change did they implement in June 2023? Answer in two lines","According to Lt. Sexton, the department works on reducing crime through partnerships with the community. In June 2023, they initiated a stratified policing approach.
Context: ""Beginning in June 2023, LPD started its stratified policing approach, working to address what is leading the cityÃÂ¢ÃÂÃÂs youth to engage in criminal activity."""
How does the Lynchburg Police Department view community partnerships? Answer in one word,Invaluable.
True or False: LPD's approach to crime was solely reactive before June 2023.,False.
How can individuals report sightings of the wanted men mentioned by Crimestoppers? Answer in one line,Individuals can report sightings by calling Crimestoppers on 0800 555 111 or the police on 101.
"What is Nathan Paul Savage wanted for, and where did the alleged crimes occur? Answer in two lines","Nathan Paul Savage is wanted for suspicion of criminal damage, possession of an offensive weapon, and malicious communications. The crimes allegedly took place on Colborne Way in Sutton on January 12, 2022."
Where does Noor Alam allegedly frequent? Answer in one word,Tower Hamlets.
True or False: Zulfkar Sheblan is associated with a crime group in South Wales.,True.
How long did it take for rescuers to reach Hind Rajab after she pleaded for help? Answer in one line,Nobody was able to get to Hind for six or seven hours.
"What did Wisam, Hind's mother, hope when Hind was trapped in the car? Answer in two lines",Wisam hoped that her daughter was injured but would survive. That would be the case when she would have reached the hospital.
How did the Israeli soldiers behave while killing and destroying in Gaza? Answer in one word,Ruthlessly.
True or False: The writer believes that Western governments are complicit in the massacres in Gaza.,True.
When was Punjab farmer Shubhkaran Singh laid to rest? Answer in one line,"Punjab farmer Shubhkaran Singh was laid to rest on Thursday, eight days after his death."
"What actions were taken before the cremation ceremony for Shubhkaran Singh?
Answer in two lines","Before the cremation, Punjab police registered an FIR under murder charges against unidentified persons, and an autopsy was conducted."
What postponed the announcement of future actions by the farm agitation groups? Answer in one word,Autopsy.
True or False: Punjab and Haryana high court commended the authorities for their prompt action regarding Shubhkaran Singh's case.,False.
How much money did the couple make from breeding puppies? Answer in one line,"The couple made around ÃÂÃÂ£60,000 from breeding puppies."
What were the consequences faced by Kelly Nicholls and Antony Wilkins for benefit fraud? Answer in two lines,"Kelly Nicholls received a ÃÂÃÂ£100 fine, a ÃÂÃÂ£90 victim surcharge, and was ordered to pay ÃÂÃÂ£3,500 compensation. Antony Wilkins received a community order for 120 hours of unpaid work and ten rehabilitation activity days."
What did Kelly Nicholls and Antony Wilkins do to commit benefit fraud? Answer in one word,Breeding.
True or False: Kelly Nicholls and Antony Wilkins were primarily law-abiding citizens.,False.
What is the vote count for the short-term funding bill passed by the Senate? Answer in one line,The Senate passed the short-term funding bill by a vote of 77-13.
What did President Biden emphasize regarding the short-term funding bill passed by Congress?,President Biden approved of the short-term problem-solving but underlined the need for a permanent solution.
What type of solution does President Biden advocate for regarding funding bills? Answer in one word,Permanent.
"True or False: The short-term funding bill passed by Congress includes allocations for Ukraine, Israel, and Taiwan.",False.
What did Ukrainian Air Force Commander Mykola Oleshchuk claim regarding the downing of a Russian jet? Answer in one line,Ukrainian Air Force Commander Mykola Oleshchuk claimed Ukraine had downed a Russian Su-34 fighter-bomber.
"Who confirmed the downing of a Russian Su-34 fighter-bomber, and what additional information was provided? Answer in two lines","Ukrainian Air Force Commander Mykola Oleshchuk confirmed the downing of an Su-34 fighter-bomber, mentioning that only one was downed. He reported earlier deployment of anti-aircraft missiles against an Su-34 and an Su-35."
Who claimed the downing of a Russian jet? Answer in one word,Mykola Oleshchuk.
True or False: Reuters independently verified the report of the downing of a Russian Su-34 fighter-bomber.,False.
What is the predicted market size for Algae Based Packaging by 2030? Answer in one line,The Global Algae Based Packaging Market size is predicted to reach $467.5 million by 2030.
What factors are driving the adoption of algae-based packaging according to IndustryARC? Answer in two lines,IndustryARC identifies increasing emphasis on sustainability and government regulations as primary drivers. These regulations include bans on single-use plastics and incentives for biodegradable materials.
What is the primary driver for adopting algae-based packaging? Answer in one word,Sustainability.
True or False: Europe holds a significant revenue share in the Algae Based Packaging market.,True.
What is the financial backing Figure received along with its partnership with OpenAI? Answer in one line,Figure announced $675 million in venture capital funding along with the partnership with OpenAI.
"What is the purpose of the collaboration between Figure and OpenAI, and how will OpenAI contribute? Answer in two lines","The collaboration aims to integrate OpenAI's AI systems into Figure's humanoid robots. OpenAI will build specialized AI models for Figure's robots, likely based on its existing technologies such as GPT language models."
"What challenges do humanoid robots present, according to Whitney Rockley? Answer in one word",Awkwardness and technical challenges.
True or False: OpenAI's interest in robotics is entirely new.,False.
What does Team Biden hope will benefit them with independent swing voters? Answer in one line,Team Biden hopes that former President Trump's statements will turn off independent swing voters.
Why does the Biden campaign believe elevating Trump's rhetoric will help them in the election? Answer in two lines,"The Biden campaign believes that by highlighting Trump's controversial remarks, they can remind swing voters of reasons they turned against him in 2020. And sway them away from supporting him."
Who is Team Biden targeting with their efforts to highlight Trump's statements? Answer in one word,Independents.
True or False: The Biden campaign is solely focused on Trump's legal troubles.,False.
What was the motive behind the alleged killing of the BJP worker in Karnataka's Kalaburagi district? Answer in one line,"Prima facie, it seems old rivalry is the motive behind the murder."
How did the assailants carry out the alleged killing of the BJP worker in Karnataka's Kalaburagi district? Answer in two lines,"The assailants lured him to a farm for a celebratory gathering. They threw chilli powder into his eyes, and killed him with a machete after he was inebriated."
Who was allegedly responsible for the killing of the BJP worker in Karnataka's Kalaburagi district? Answer in one word,Friends.
True or False: The police have definite clues about the accused in the killing of the BJP worker.,True.
What happened to Indian classical dancer Amarnath Ghosh in the United States? Answer in one line,"Indian classical dancer Amarnath Ghosh was allegedly shot dead in St Louis, Missouri, by unknown attackers."
"Who brought attention to the death of Amarnath Ghosh in the US, and what details did they provide about him? Answer in two lines",Television actress Devoleena Bhattacharjee brought attention to the death of Amarnath Ghosh. She stated that he was shot and killed in St Louis and providing details about his family background and profession.
Where was Amarnath Ghosh shot dead? Answer in one word,St Louis.
True or False: The Indian Consulate in Chicago has not taken any action regarding the case of Amarnath Ghosh.,False.
"How many homicides occurred overnight in Denver, according to the police? Answer in one line","Two homicides occurred overnight in Denver, according to the police."
"Where were the two homicides investigated by the Denver police, and what were the causes of death? Answer in two lines","The Denver police investigated two homicides, one involving a fatal shooting on East Girard Avenue and the other a fatal stabbing on North Ursula Street."
How did Derrick Rogers and DeShaun Lockett die? Answer in one word,Stabbing and shooting.
True or False: Both homicides in Denver were unrelated incidents.,True.
What is the amount of investment Nova Scotia plans for the new lunch program for public school students? Answer in one line,Nova Scotia plans an $18.8 million investment toward developing the new lunch program for public school students.
"How does Becky Druhan describe the planned school lunch program, and what phase of implementation is prioritized? Answer in two lines","Becky Druhan describes the program as a ""historic step"". Becky also mentions a focus on elementary schools for the initial phase of implementation."
Who will benefit from the school lunch program? Answer in one word,Students.
True or False: The school lunch program in Nova Scotia will be free for all students.,False.
What does Trump accuse Biden of being part of? Answer in one line,"Trump accuses Biden of being part of a ""conspiracy to overthrow the United States of America."""
"According to Trump, what is Biden accused of regarding the border crisis? Answer in two lines","Trump accuses Biden of giving aid and comfort to foreign enemies by mishandling the border crisis, asserting that Biden's conduct is a conspiracy to overthrow the United States."
What kind of crisis does Trump blame Biden for regarding the border? Answer in one word,"Trump blames Biden for a ""conspiracy"" regarding the border crisis."
True or False: Trump asserts that Biden's actions on the border are strengthening the country.,False.
What clinical signs did the infected broodmares exhibit? Answer in one line,"The horses developed fever, nasal discharge, and enlarged lymph nodes."
"How is strangles in horses diagnosed, and what treatment approach is typically followed? Answer in two lines","Veterinarians diagnose horses using polymerase chain reaction (PCR) testing with either a nasal swab, wash, or an abscess sample. They treat most cases based on clinical signs, implementing antibiotics for severe cases."
What organization provides open access to infectious disease information? Answer in one word,EDCC.
True or False: Recovered horses from strangles are not contagious.,False.
Who is being named the 2024 Teleport Executive of the Year? Answer in one word,Sergey Raber.
What are the criteria for receiving the Teleport Executive of the Year award? Answer in two lines,"The award is presented to an individual for demonstrated entrepreneurship, leadership, and innovation in the development or operation of a teleport-based business."
Where does Sergey Raber work? Answer in one word,AXESS Networks.
True or False: Sergey Raber has experience working in the field of Satellite Telecommunications.,True.
What is the primary focus of Belgium's new international branding campaign? Answer in one line,The new Belgian international branding campaign centres around ÃÂ¢ÃÂÃÂEmbracing OpennessÃÂ¢ÃÂÃÂ.
"According to the Belgian Prime Minister, what does Belgium believe is essential for a successful society, and what approach does Belgium take towards openness? Answer in two lines",Belgium believes that openness for innovation is vital for a successful society. It radically chooses openness as the way forward.
What is the overarching theme of Belgium's new branding campaign? Answer in one word,Openness.
True or False: Belgium's new branding campaign focuses solely on promoting its achievements.,False.
How many Palestinians were killed in the Israeli bombardment on houses in Deir al-Balah and Jabalia of Gaza? Answer in one line,At least 17 Palestinians were martyred in the Israeli occupation air strikes on homes in Deir al-Balah and Jabalia in Gaza.
"Where did the Israeli occupation air strikes target, resulting in Palestinian casualties, according to the report? Answer in two lines",The Israeli air strikes targeted houses in Deir al-Balah and Jabalia in Gaza. This resulted in at least 17 Palestinians killed and dozens injured.
How many Palestinian casualties were reported? Answer in one word,17
"True or False: The number of martyrs from the ongoing Israeli aggression on the Strip since October 7th is 30,228.",FALSE
"How many journalists have been killed in the Israel-Gaza war, according to the article? Answer in one line",At least 94 journalists have been killed in the Israel-Gaza war.
What does the open letter coordinated by the Committee to Protect Journalists and the World Association of News Publishers emphasize regarding the journalists reporting from Gaza? Answer in two lines,The open letter emphasizes the grave risks journalists in Gaza face and calls for their protection as noncombatants under international law.
What are journalists considered according to international law? Answer in one word,Civilians.
True or False: Journalists in Gaza are provided with adequate protection by Israeli authorities according to international law.,False.
How did Hunter Biden reportedly respond to tough questions about his meetings and dealings? Answer in one line,"Whenever Biden received tough questions, he responded with ""I don't know, I don't remember, because I was addicted at that time."""
"What did Rep. Harriet Hageman press Hunter Biden about regarding his qualifications, and how did Biden respond? Answer in two lines","Hageman pressed Biden on his qualifications to handle multimillion-dollar deals with international business partners due to his addiction problems. Biden responded with what Hageman characterized as ""shockingly arrogant."""
How did Hunter Biden allegedly deflect difficult questions about his meetings and transactions? Answer in one word,Addiction.
True or False: Hunter Biden's testimony confirmed that every gift and transaction his family received from Chinese companies was completely legal and ethical.,False.
How did Navalny die and where was he serving a sentence? Answer in one line,"Navalny died in a penal colony and was serving a sentence on extremism charges.
Context: ""Navalny, 47, died on Feb. 16 in the ÃÂ¢ÃÂÃÂPolar WolfÃÂ¢ÃÂÃÂ penal colony in the Arctic where he was serving a 19-year sentence on extremism charges..."""
"What did Navalny's associates accuse the Kremlin of, and who attended his funeral according to the article? Answer in two lines","Navalny's associates accused the Kremlin of being behind his murder, and foreign diplomats along with anti-war presidential hopeful Boris Nadezhdin and former opposition mayor Yevgeny Roizman attended his funeral."
Who accused the Kremlin of Navalny's murder? Answer in one word,Associates.
True or False: The Russian authorities allowed Navalny's supporters to hold a separate civic ceremony as planned.,False.
How many people lost their lives due to snowfall and cold weather in various provinces? Answer in one line,At least nine people have died within a day in some provinces of the country due to snowfall and cold weather.
What were the consequences of the severe weather in terms of property damage and casualties? Answer in two lines,The severe weather resulted in nine deaths and two injuries. This was followed by the destruction of three residential houses and the loss of dozens of livestock.
How have transportation routes been affected by the weather? Answer in one word,Closures.
True or False: The closure of highways and transit routes has caused no concerns among citizens.,False.
"Who won the Republican caucuses in Michigan, Missouri, and Idaho on March 2? Answer in one line","Former United States president Donald Trump won the Republican caucuses in Michigan, Missouri, and Idaho on March 2."
What did former United States president Donald Trump's dominating victory in Michigan entail? Answer in two lines,"Former President Trump won the Republican caucuses in all 13 districts, securing nearly 98% support with 1,575 votes compared to just 36 votes for his last remaining rival, Mrs. Nikki Haley."
"Who lost to Donald Trump in the Michigan, Missouri, and Idaho Republican caucuses? Answer in one word",Mrs. Nikki Haley.
True or False: Mrs. Haley's supporters were a significant presence at one of the caucus meetings.,False.
What did Ukraine's Defense Minister Rustem Umerov reveal about the arrival of pledged military aid from Western allies? Answer in one line,"Ukraine's Defense Minister Rustem Umerov disclosed that half of the pledged military aid from Western allies is arriving late, ""costing lives and territory."""
"What are the three main areas that Ukraine prioritizes with its available funds, according to Minister Oleksandr Kamyshin? Answer in two lines","Minister Oleksandr Kamyshin stated that Ukraine prioritizes ammunition, then drones, and then air defense with the available funds, adding, ""The rest suffers."""
What technology is Ukraine focusing on to enhance its defense capabilities? Answer in one word,Drones.
True or False: Ukraine's defense industry began weapon production only recently in response to Russia's invasion in 2022.,True.
What charges is Larry Acree facing? Answer in one line,"Larry Acree is facing two counts of first-degree murder, one count of first-degree assault, and three counts of armed criminal action."
What led to the shooting that resulted in the deaths of a court employee and a police officer? Answer in two lines,"The shooting occurred when court employee Drexel Mack attempted to serve an eviction notice, leading to officers responding to the scene being shot at, resulting in one officer fatally struck and two others injured before Larry Acree was apprehended."
Who was Larry Acree accused of murdering? Answer in one word,Officer.
True or False: Larry Acree's home was sold due to his financial struggles.,True.
What prompted the investigation by State Police in Jonestown? Answer in one line,State Police are investigating after a Lebanon County crossing guard was assaulted.
Where did the assault on the crossing guard occur and when? Answer in two lines,The assault happened at about 3:15 p.m. at the intersection of North Pine Grove Street and East Main Street in Fredericksburg Borough.
Who are Troopers investigating? Answer in one word,Crossing guard.
True or False: The assault on the crossing guard is not currently under investigation.,False.
What did Rishi Sunak warn about regarding British democracy? Answer in one line,Rishi Sunak warned that British democracy is being targeted by far-right and Islamist extremists.
What actions did Rishi Sunak announce in response to George Galloway's victory in the Rochdale by-election? Answer in two lines,Rishi Sunak announced a new crackdown on extremism and urged support for the anti-terrorism Prevent program. He also demanded universities stop extremist activity on campus.
Who won the Rochdale by-election? Answer in one word,George Galloway.
True or False: Rishi Sunak urged the public to reject the idea that Britain has been on the wrong side of history.,True.
How much money could the UK save by repurposing its underground gas network for hydrogen distribution? Answer in one line,ÃÂÃÂ£28 billion.
"What does Sarah Williams suggest should be done with the UK's gas grid, and why? Answer in two lines",Sarah Williams suggests that the UK's gas grid should be remodelled to transport hydrogen to aid in the national net zero drive. As it would be ÃÂÃÂ£28 billion cheaper than decommissioning it.
What is the suggested use for repurposing the UK's gas grid? Answer in one word,Hydrogen.
True or False: Sarah Williams believes that repurposing the UK's gas grid for hydrogen distribution is not feasible.,False.
Who was arrested by NIA at Mumbai airport? Answer in one line,"Ghouse Nayazi, a PFI cadre."
"What organization was Rudresh's murder accused associated with, and who else was involved in the murder conspiracy? Answer in two lines","Ghouse Nayazi, associated with the Popular Front of India (PFI), along with Asim Sheriff, hatched the conspiracy to kill Rudresh."
Who persuaded the killers to attack Rudresh? Answer in one word,Nayazi.
True or False: Rudresh's murder was solely an isolated incident.,False.
When is the deadline for ballots in the North Dakota Democratic-NPL Party primary? Answer in one line,"Ballots are due Saturday, March 30."
Where can reservation residents vote in-person for the North Dakota Democratic-NPL Party primary? Answer in two lines,"Reservation residents can vote in-person at the ""Log House,"" Eagle Heart Community Cultural Center in Dunseith and Spirit Lake Casino & Resort in St. Michael."
Who is eligible to vote in the Democratic-NPL presidential primary? Answer in one word,Qualified voters.
True or False: Any qualified North Dakota voter can vote in the Democratic-NPL presidential primary without declaring party affiliation.,False.
How many members of the banned KCP (N) were arrested by Manipur Police? Answer in one word,The Manipur Police arrested three members of the banned KCP (N).
"What triggered recurring violence in Manipur, and how many people have been killed since then? Answer in two lines",Recurring violence in Manipur was triggered by ethnic clashes between communities. A total of 219 people have been killed since the clashes erupted.
Who was arrested by Manipur Police? Answer in one words,Members.
True or False: The move to grant Meiteis Scheduled Tribe status remains in effect.,False.
What investigation team does Ramesh Chennithala demand to probe the veterinary student's death? Answer in one line,Ramesh Chennithala demands the formation of a special investigation team (SIT) led by an officer in the rank of Inspector General.
Why does Ramesh Chennithala accuse the CPI(M) leaders regarding the student's murder case? Answer in two lines,"Ramesh Chennithala alleges that CPI(M) leaders, led by former MLA C.K. Saseendran, threatened the investigating DySP. They attempted to protect the suspects in police custody."
Who does Ramesh Chennithala accuse of training goons? Answer in one word,CPI(M).
True or False: Ramesh Chennithala supports the explanation given by the Kerala Public Service Commission (KPSC) regarding the sub inspector selection incident.,False.
What is the expected growth rate of the global PC market in 2024 according to Canalys? Answer in one line,The global PC market is set to grow by 8% in 2024 according to Canalys.
"What are the components that AI PCs will include, as mentioned in the article? Answer in two lines","AI PCs will have CPUs, GPUs, and Neural Processing Units (NPUs) to run artificial intelligence locally."
What technology will AI PCs utilize to run artificial intelligence locally? Answer in one word,NPUs.
True or False: AI PCs will eliminate the need for internet connection to access artificial intelligence.,True.
How many new models does Dior's Chiffre Rouge collection introduce? Answer in one line,DiorÃÂ¢ÃÂÃÂs Chiffre Rouge collection introduces eight new models.
What are some distinctive features of Dior's Chiffre Rouge timepiece? Answer in two lines,Dior's Chiffre Rouge timepiece features an automatic mechanism visible through transparent backs and an architectural asymmetry. It also includes a red crown with matching hands and interchangeable straps.
What is the favorite number of Monsieur Dior incorporated in the Chiffre Rouge? Answer in one word,Eight.
True or False: The Chiffre Rouge collection is exclusively available in one size.,False.
What is the name of the largest wildfire in Texas history? Answer in one line,The largest wildfire in Texas history is called the Smokehouse Creek fire.
"Who expressed gratitude for the first responders battling the Texas wildfire, and what was emphasized about the weekend conditions? Answer in two lines","Texas Gov. Greg Abbott expressed gratitude for the first responders, and he emphasized the ""enormous chance"" for fire and danger due to favorable weather conditions this weekend."
How many people have died as a result of the Texas wildfire? Answer in one word,Two.
True or False: President Biden stated that federal assistance will not be provided to fire-affected communities.,False.
What is the reason behind the Indian government challenging Google's actions regarding Indian apps? Answer in one line,"The Indian government challenges Google's removal of Indian apps, stressing the need to protect the startup ecosystem."
Why is IT Minister Ashwini Vaishnaw planning to meet with Google and app developers? Answer in two lines,"IT Minister Ashwini Vaishnaw plans to meet with Google, app developers, and Minister of State for IT Rajeev Chandrasekhar to find a solution to the delisting issue, stressing the need to protect India's startup ecosystem."
Who challenges Google's removal of Indian apps? Answer in one word,Indian government.
True or False: Minister of State for IT Rajeev Chandrasekhar expressed concerns about potential harm to startups due to Google's dominance.,True.
What concerns are raised about installing sensors in student toilets? Answer in one line,Critics argue that such surveillance measures infringe on students' privacy rights and could foster a mistrustful environment.
"What are some concerns regarding bullying in student bathrooms, and why are bathrooms considered prime locations for such behavior? Answer in two lines",Concerns include the difficulty in catching bullies and the preference for secluded areas. Bathrooms are prime locations due to their private nature.
What organization opposes the use of sensors in schools? Answer in one word,Big Brother Watch.
True or False: Installing sensors in student bathrooms is considered an invasion of privacy by critics.,True.
What did India strongly object to at the WTO meet in Abu Dhabi? Answer in one line,India strongly objected to the remarks made by Thailand's Ambassador regarding India's public stockholding program.
"What program in India's agricultural policy was targeted by Thailand's Ambassador at the WTO meet, and why? Answer in two lines","Thailand's Ambassador targeted India's public stockholding program, criticizing it for exporting a significant portion of procured rice, aiming to boost its export market."
Why did India object to Thailand's Ambassador's remarks at the WTO meet? Answer in one word,Criticism.
True or False: The WTO Ministerial Conference concluded with significant decisions on public food stockpiling and fisheries subsidies.,False.
What bill are Catholic bishops urging lawmakers to oppose? Answer in one line,Catholic bishops are urging lawmakers to oppose the Access to Family Building Act.
Who introduced the Access to Family Building Act and what does it aim to establish? Answer in two lines,"The Access to Family Building Act was introduced by Sen. Tammy Duckworth, aiming to establish a federally protected right to IVF access, preempting state-imposed restrictions."
What is IVF? Answer in one word,IVF is a fertility treatment.
True or False: Sen. Cindy Hyde-Smith suggested that the IVF bill would force religious groups to facilitate IVF procedures.,True.
What items did the Australian Defence gift to His MajestyÃÂ¢ÃÂÃÂs Armed Forces for their Basic Recruit Intake Course? Answer in one line,"The Australian Defence gifted bedding, manchester, white goods, and health and hygiene packs."
Why did the Australian Defence sponsor the purchase of bedding and equipment for HMAF's recruits? Answer in two lines,"The Australian Defence sponsored the purchase to improve the quality of life for recruits and ensure access to quality bedding and equipment during their training, as part of the Gender, Peace and Security initiative."
What is the purpose of the specialised boarding party kit provided to the Tongan Royal Navy? Answer in one word,Enhancement.
"True or False: The Australian Defence Force does not prioritize the Women, Peace, and Security agenda.",False.
What is oxybenzone and why is it controversial? Answer in one line,"Oxybenzone is a common sunscreen ingredient absorbed by the skin to filter UV rays, but it's controversial due to potential health and environmental risks."
"Why is oxybenzone considered controversial, and what are some concerns associated with it? Answer in one line",Oxybenzone is controversial because it can be absorbed by the skin and may affect hormone levels. Concerns include potential hormone disruption and environmental harm to coral reefs.
Why is oxybenzone contentious? Answer in one word,Hormones.
True or False: Hawaii is the only state to ban sunscreen products containing oxybenzone.,False.
What is KKR exploring regarding its stake in Metro Pacific Health? Answer in one line,KKR is exploring a possible sale of its stake in Metro Pacific Health.
"What did KKR and GIC Pte buy in 2019, and at what valuation? Answer in two lines",KKR and GIC Pte bought into Metro Pacific Hospitals in 2019. It was at a valuation of $1.6 billion.
Who is exploring a stake sale in Metro Pacific Health? Answer in one word,KKR.
True or False: KKR's stake sale in Metro Pacific Health could potentially draw interest from other buyout firms and industry players.,True.
How many Ukrainian attacks did Russian forces repulse in the south Donetsk area? Answer in one line,Russian forces repulsed two Ukrainian attacks in the south Donetsk direction.
What did Russian forces prevent in addition to repulsing Ukrainian attacks in the south Donetsk area? Answer in one line,Russian forces prevented two attempted rotations of the enemy forces in the area.
What were the losses in terms of personnel for the enemy? Answer in one word,Over 100 personnel.
True or False: Russian forces suffered losses in the attacks from the Ukrainian forces.,False.
What is the purpose of Pennsylvania's Election Threats Task Force? Answer in one line,The Election Threats Task Force aims to combat misinformation and protect the election process.
Why did Pennsylvania choose to partner with CISA? Answer in two lines,Pennsylvania partnered with CISA to coordinate efforts in combating misinformation. It aimed to ensure all levels of government work together.
"Who defines speech as ""malformation""? Answer in one word",CISA.
True or False: Pennsylvania's partnership with CISA is explicitly mentioned in Shapiro's press release.,False.
How many people were killed in the Bangladesh blaze? Answer in one line,At least 43 people were killed.
"What caused the fire in Bangladesh, and how many people were rescued? Answer in one line","The fire started in a restaurant, and 75 people were rescued."
Where did the blaze start? Answer in one word,Restaurant.
True or False: The cause of the Bangladesh fire has been determined.,False.
What is the duration of the California Credit Union's Summer Internship Program? Answer in one line,The Summer Internship Program runs from June 24th through August 16th.
What are the areas where students can intern as part of the California Credit Union's program? Answer in two lines,"Students can intern in the Real Estate, Electronic Services, Human Resources, and Accounting departments."
Where can interested students find applications for the Summer Internship Program? Answer in one word,Website.
True or False: The Summer Internship Program offered by California Credit Union is unpaid.,False.
What is the status of the family's knowledge regarding Amarnath Ghosh's death in the USA? Answer in one line,The family is still in the dark about the details of Amarnath Ghosh's death in the USA.
"Where did Amarnath Ghosh, the classical dancer, used to stay, and what is his family's current situation? Answer in two lines","Amarnath Ghosh used to stay at Subhas Pally locality of Suri town, and he is the only child of his deceased parents, leaving his family in a state of uncertainty about his death in the USA."
Who alerted the authorities about Amarnath Ghosh's death? Answer in one word,Bhattacharjee.
True or False: The family of Amarnath Ghosh has received detailed information about his death.,False.
"What is the main objective of the collaboration between Daimler Truck, Mitsubishi Fuso Truck and Bus Corporation (MFTBC), Hino Motors Ltd., and Toyota Motor Corporation? Answer in one line",The main objective is to achieve carbon neutrality and create a prosperous mobility society by developing CASE technologies and strengthening the commercial vehicle business on a global scale.
"What are the expected outcomes of the collaboration between Daimler Truck, MFTBC, Hino, and Toyota, as outlined in the Memorandum of Understanding (MoU) signed in May 2023? Answer in one line",The expected outcomes include merging MFTBC and Hino to build a globally competitive Japanese commercial vehicle manufacturer and accelerating the development of advanced technologies to achieve carbon neutrality and foster a prosperous mobility society.
What is the current status of the Definitive Agreement for merging MFTBC and Hino? Answer in one word,Ongoing.
"True or False: The merger discussions between MFTBC and Hino are progressing positively, and the strategic objectives of the proposed transaction remain valid.",True.
What did the Supreme Court in Colorado determine about former President Donald Trump's eligibility to run for election again? Answer in one line,The Supreme Court in Colorado held that former President Donald Trump was constitutionally ineligible to run for election again.
"Who introduced the procedure of ostracism in ancient Athens, and what was its purpose? Answer in one line",Cleisthenes introduced the procedure of ostracism in ancient Athens to guard against the conniving ways of corrupt men.
Who drafted the famous written legal code in ancient Athens? Answer in one word,Draco.
True or False: Athenians viewed their democratic laws with little reverence.,False.
What is Steve Corrie passionate about since he was 10 years old? Answer in one line,Steve Corrie has been passionate about Brahmans since he was 10 years old.
What were the first purchases made by the Corrie family at the 2023 Rocky All Stars Elite Brahman Female Sale? Answer in one line,The Corrie family's first purchases at the 2023 sale were a pair of Malabar Red Brahman heifers.
What breed is Steve Corrie passionate about? Answer in one word,Brahmans.
True or False: Steve Corrie's passion for Brahmans is not shared with his family.,False.
What charges does Dejuan Nelms face in York County Court? Answer in one line,"Dejuan Nelms faces charges of possession of marijuana with intent to deliver, possession of more than a pound of marijuana, and no drug tax stamp."
Why did a Nebraska State Patrol trooper stop Dejuan Nelms' vehicle? Answer in two lines,"The trooper stopped Nelms' vehicle for following another vehicle too closely. And for merging in front of another vehicle ÃÂ¢ÃÂÃÂat a close and unsafe distance."""
How much marijuana was found during the probable cause search? Answer in one word,62 pounds.
True or False: Dejuan Nelms denied consent to search his vehicle.,True.
What legislation did Sen. Sean McCann introduce to protect Michigan universities from cyber threats? Answer in one line,Senate Bill 737.
"What is the purpose of Senate Bill 737 introduced by Sen. Sean McCann, and how will it be funded? Answer in two lines","Senate Bill 737 aims to establish a 24/7 security operation center (SOC) for cybersecurity threat detection, prevention, and response for organizations. Its operational costs are expected to be funded with dues from participating members."
Who introduced Senate Bill 737? Answer in one word,Sen. Sean McCann.
True or False: The Michigan Security Operations Center will collaborate with Merit Network to monitor and respond to network intrusions.,True.
What is the current car ownership ratio in Indonesia? Answer in one line,"Currently, Indonesia's car ownership ratio stands at 82 units per 1,000 people."
What are the main destinations for Indonesia's vehicle exports? Answer in two lines,"Indonesia's vehicle exports go primarily to various ASEAN countries, the Middle East, North America, and South America."
Why does Indonesia's automotive industry have potential for growth? Answer in one word,Exports.
True or False: Indonesia's automotive industry is the biggest vehicle producer and market in Southeast Asia.,True.
How many shares of The Allstate Co. did Sherbrooke Park Advisers LLC purchase in the 3rd quarter? Answer in one line,"Sherbrooke Park Advisers LLC purchased 3,253 shares of The Allstate Co."
"What were the earnings results reported by Allstate for the last quarter, and how did they compare to analysts' expectations? Answer in two lines","Allstate reported $5.82 EPS for the quarter, surpassing the consensus estimate of $3.87 by $1.95. The company also had revenue of $14.83 billion, compared to analystsÃÂ¢ÃÂÃÂ expectations of $12.69 billion."
What is Allstate's current dividend yield? Answer in one word,2.37%.
"True or False: CAO John C. Pintozzi purchased 4,000 shares of Allstate stock.",False.
How many vehicles does the bridge mentioned in the article carry daily? Answer in one line,"The bridge carries about 24,000 vehicles a day over the Ohio River."
What caused the lorry to hang precariously off the edge of the bridge? Answer in two lines,"The crash occurred when a southbound vehicle hit a stalled car, crossed into northbound traffic, and struck the lorry. Causing the lorry to go through the guardrail and hang precariously off the edge of the bridge."
Who rescued the US lorry driver? Answer in one word,Bryce Carden.
True or False: The structural integrity of the bridge was compromised after the crash.,False.
How did Imperial College London researchers use AI to assist in assessing lung cancer? Answer in one line,Imperial College London researchers used AI to identify information about the chemical makeup of lung tumors from medical scans.
What is the purpose of the AI-powered tool called tissue-metabolomic-radiomic-CT (TMR-CT) developed by researchers? Answer in two lines,"The TMR-CT tool aims to classify the type of lung cancer patients have and predict the spread of lung cancer in patients, assisting doctors in selecting treatment."
How did researchers classify lung cancer types using AI? Answer in one word,Tissue-metabolomic-radiomic-CT (TMR-CT).
True or False: The AI-powered tool developed by researchers has the potential to assist in predicting patient outcomes.,True.
What was the suspected involvement of Madeline Soto's mother's boyfriend in her disappearance? Answer in one line,Police suspect Madeline Soto's mother's boyfriend moved her body after she was reported missing.
Where was Madeline Soto's body found and who located it? Answer in two lines,"Madeline Soto's body was found in a wooded area off Hickory Tree Road, located by search teams from the Osceola County Sheriff's Office."
Who was suspected of moving Madeline Soto's body? Answer in one word,Boyfriend.
True or False: Madeline Soto was believed to be alive when her mother's boyfriend was seen discarding items in a dumpster.,False.
What is one of the supplements mentioned in the article that has been associated with potential life-threatening drug interactions? Answer in one word,NeptuneÃÂ¢ÃÂÃÂs Fix.
What efforts have been made by organizations to bring greater awareness and action to kratom supplements? Answer in two lines,"Efforts from organizations like the Mayo Clinic, the Drug Enforcement Agency, and the Department of Health and Human Services have been made to bring greater awareness and action to kratom supplements."
What is the nickname for tianeptine mentioned in the article? Answer in one word,Gas station heroin.
True or False: The FDA has taken significant action to curb the risks associated with kratom supplements.,False.
When will Prime Minister Pham Minh Chinh attend the ASEAN-Australia Special Summit? Answer in one line,Prime Minister Pham Minh Chinh will attend the ASEAN-Australia Special Summit from March 5-11.
What is the purpose of Prime Minister Pham Minh Chinh's visit to Australia and New Zealand? Answer in two lines,"Prime Minister Pham Minh Chinh's visit aims to attend the ASEAN-Australia Special Summit commemorating the 50th anniversary of ASEAN-Australia dialogue relations, as well as to pay official visits to Australia and New Zealand."
Who invited Prime Minister Pham Minh Chinh to attend the ASEAN-Australia Special Summit? Answer in one word,Australian Prime Minister Anthony Albanese and Prime Minister of New Zealand Christopher Luxon.
True or False: Prime Minister Pham Minh Chinh will attend the ASEAN-Australia Special Summit without invitation.,False.
What is Rep. Katie Porter's background and main focus in her Senate campaign? Answer in one line,Rep. Katie Porter is a consumer advocate with a focus on fair rules for consumers and oversight of corporate influence in politics.
"What experiences from Rep. Katie Porter's past influenced her mistrust of those in power, and what key issues does she prioritize in her Senate campaign? Answer in two lines",Rep. Katie Porter's mistrust of those in power stems from witnessing families lose farms in Iowa in the 1980s. She prioritizes fair rules for consumers and oversight of corporate influence in politics.
What is Rep. Katie Porter's campaign focused on? Answer in one word,Consumer advocacy.
True or False: Rep. Katie Porter has accepted corporate money for her campaigns.,False.
"When is the National Unreserved Agricultural Auction, also known as the 'Machinery Muster', scheduled to take place? Answer in one word","The auction will take place on March 14, 2024."
"What measures has Ritchie Bros. taken to adapt to the changing needs of customers, according to the article? Answer in two lines",Ritchie Bros. has embraced technology and offers free virtual machine inspections via WhatsApp or FaceTime to support buyers.
How does Ritchie Bros. facilitate agricultural machinery transactions? Answer in one word,Through auctions.
True or False: Ritchie Bros. recorded a decrease in machinery prices in 2023.,False.
What type of incident is the Minnesota Bureau of Criminal Apprehension investigating in a suburban community on the far northwestern edge of the Twin Cities? Answer in one line,The Minnesota Bureau of Criminal Apprehension is investigating a fatal officer-involved shooting.
"What led to the fatal officer-involved shooting in St. Michael, Minnesota, according to the preliminary report by the Wright County Sheriff's Office? Answer in one line","According to the preliminary report, the gunfire occurred during a traffic stop when the motorist got out of the vehicle with a weapon and confronted a Wright County Deputy."
What action did the motorist take during the traffic stop that resulted in the fatal confrontation? Answer in one word,Confronted.
True or False: The name of the motorist involved in the incident has been disclosed.,False.
When will the Khyber Pakhtunkhwa Assembly elect a new chief minister? Answer in one line,The Khyber Pakhtunkhwa Assembly will pick a new chief minister on Friday (today).
"Who won the election for speaker of the Khyber Pakhtunkhwa Assembly, and who did they defeat? Answer in two lines","Babar Saleem Swati won the election for speaker, defeating Ehsanullah Khan. He is the joint candidate of the PPP, ANP, PML-N, and the PTI-Parliamentarians."
Who is nominated by PTI for the position of chief minister in Khyber Pakhtunkhwa? Answer in one word,Ali Amin Gandapur.
True or False: The PTI-backed members dominated the session in the Khyber Pakhtunkhwa Assembly.,True.
How much funding did the North Providence Housing Authority receive from HUD to support the VASH Program? Answer in one line,"The North Providence Housing Authority received $248,877.00 from HUD."
"What is the focus of the VASH Program, and how does it assist homeless veterans? Answer in two lines","The VASH Program focuses on securing affordable housing for homeless veterans through the voucher program, and it works in conjunction with the Providence VA Medical Center to identify and refer homeless veterans to the housing authority."
Who assists homeless veterans through the VASH Program? Answer in one word,Arsenault.
True or False: The McKeeÃÂ¢ÃÂÃÂs administration prioritizes veterans at the pallet home facility scheduled to open in Providence.,False.
"What is the expected average increase in the guideline rate for immovable properties in Indore district from April 1, 2024? Answer in one line","The average rate of increase in the guideline rate from April 1, 2024 in Indore district will be 15%."
"Who chaired the District Evaluation Committee meeting to decide the guidelines for government guideline rate of sale of land and immovable property Answer in two lines in Indore district, and what decision was made regarding the guideline rates?","The District Evaluation Committee meeting was chaired by Indore Collector Ashish Singh. It was decided that there would be an increase in guideline rates on 40% of the total immovable properties area, while no increase would occur on the remaining 60% from April 1, 2024."
Who informed about the expected increase in guideline rates in Indore district? Answer in one word,Amresh Naidu.
"True or False: There will be an increase in the guideline rate on all immovable properties in Indore district from April 1, 2024.",False.
Who was arrested in connection with a separate investigation in the Hawaiian Paradise Park subdivision? Answer in one line,Dylan Gapp was arrested in connection with a separate investigation in the Hawaiian Paradise Park subdivision.
"What incident led to the arrest of Dylan Gapp, and what charges was he faced with? Answer in two lines",Dylan Gapp was arrested after an altercation where he allegedly attempted to start a fight with a man and chased him with an ATV. He was charged with terroristic threatening.
Who drowned in waters off Hawaiian Paradise Park? Answer in one word,Kalai Reyes drowned in waters off Hawaiian Paradise Park.
True or False: Dylan Gapp's girlfriend's death was ruled as a homicide.,False.
How many people were killed during the aid convoy incident in Gaza? Answer in one line,More than a hundred people were killed during the aid convoy incident in Gaza.
What were the reasons cited by Israeli forces for opening fire during the aid convoy incident in Gaza? Answer in two lines,Israeli forces cited warning shots and a mass group of Palestinians approaching the trucks as reasons for opening fire during the aid convoy incident in Gaza.
Who believes today's attacks could affect talks of a ceasefire? Answer in one line,Both the Biden administration and Hamas believe today's attacks could affect talks of a ceasefire.
True or False: Israeli forces deny targeting civilians during the aid convoy incident in Gaza.,False.
What happened to a Newark police officer when assisting child protection workers? Answer in one line,"A woman flung hot liquid into his face, causing second-degree burns."
"Why was a Newark police officer hospitalized, and what was he doing at the time? Answer in two lines",He was hospitalized after a woman threw hot liquid into his face while assisting child protection workers.
Who attacked the Newark police officer? Answer in one word,Woman.
True or False: The woman who attacked the police officer with hot liquid was not apprehended.,False.
How many pedestrians in Western New York have died after being hit by a motor vehicle since November? Answer in one line,At least 11 pedestrians in Western New York have died after being hit by a motor vehicle since November.
"What are some factors contributing to the increase in pedestrian fatalities, according to law enforcement officials? Answer in two lines","Law enforcement officials attribute the increase in pedestrian fatalities to factors such as speeding, impaired driving, and distracted driving."
What are some common factors contributing to pedestrian fatalities? Answer in one word,"Speeding, impaired driving, and distracted driving."
True or False: Law enforcement officials are unable to determine any causes behind the increase in pedestrian fatalities.,False.
What is the purpose of proposed spending measures in the 2024 South Dakota Legislature? Answer in one line,The proposed spending measures aim to prepare for the influx of military personnel and civilians with the launch of the new B-21 Raider bomber program at Ellsworth Air Force Base.
"Why did lawmakers reject the plan to spend $15 million on a new elementary school, and what is being considered as an alternative measure? Answer in two lines","Lawmakers rejected the $15 million plan for a new elementary school due to budget constraints while considering a proposal to spend up to $90 million on offsetting costs of expansion projects at municipal airports, including Rapid City Regional Airport."
What is the estimated enrollment increase in Douglas schools over the next 15 years? Answer in one word,"1,500.00"
True or False: Lawmakers from western South Dakota argued against state financial support for school and airport projects.,False.
What party is experiencing divisions after facing challenges in mobilizing support for its presidential candidate? Answer in one line,Divisions appear in the Levica party after struggles to mobilize support for its presidential candidate.
"What factors contributed to Levica's struggle in collecting signatures for its presidential candidate, Biljana Vankovska? Answer in two lines","Levica faced difficulties in collecting signatures due to challenges in Aerodrom, and one member, Darko Maslarkovski, announced his departure, citing party issues."
Who denounced Darko Maslarkovski's actions? Answer in one word,Levica.
True or False: Levica accuses expelled members of being aligned with SDSM.,True.
What prompted the Assam Police to enhance the security of Chief Minister Himanta Biswa Sarma? Answer in one line,The threat from a banned Khalistani outfit led to the increased security measures.
"Who made the threat against Chief Minister Himanta Biswa Sarma, and what were the demands made in the threat? Answer in two lines","The threat came from a caller claiming to support pro-Khalistan leader Amritpal Singh, who demanded the transfer of Singh and his associates to Amritsar jail or face consequences."
Who issued the threat against Chief Minister Himanta Biswa Sarma? Answer in one word,Caller.
True or False: The Assam Police did not take the threat against the Chief Minister seriously.,False.
What triggered the man to commit the murder-suicide according to authorities? Answer in one line,The man was distraught over the recent slaying of his older son.
Why did the altercation leading to the murder-suicide occur? Answer in two lines,"The altercation happened over the father's disciplining of the 3-year-old child, according to police."
Who committed the murder-suicide? Answer in one word,Father.
True or False: The father was conscious when police arrived at the scene.,False.
What is the capacity of the rooftop solar photovoltaic system to be installed at Kimberly-Clark's Epping manufacturing site? Answer in one line,The rooftop system will have a capacity of 2.2MW.
Who collaborated in developing the design of the rooftop solar photovoltaic system at Kimberly-Clark's Epping facility? Answer in two lines,"The design of the system was developed in collaboration with Kimberly-Clark's local and international engineers and project managers, as confirmed by Charl du Plessis, General Manager of EP Power."
Who will install the rooftop solar photovoltaic system? Answer in one word,Energy Partners.
True or False: Kimberly-Clark aims to increase its emissions by 50% compared to 2015.,False.
What was Rosalio Cervantes Galvan arrested for? Answer in one line,Rosalio Cervantes Galvan was arrested for Driving While Suspended.
Why was Kourteney Jo-Anna Parker arrested and transported to the Pettis County Jail? Answer in two lines,Kourteney Jo-Anna Parker was arrested and transported to the Pettis County Jail because she had two Failure to Appear warrants for her arrest related to Driving While Suspended charges.
What type of report did Tammie Smith file? Answer in one word,Tammie Smith filed an identity theft/fraud report.
True or False: Wesley Leroy Ditzfeld was arrested for Animal At Large charges.,False.
